<?xml version="1.0"?>
<!DOCTYPE hibernate-mapping PUBLIC "-//Hibernate/Hibernate Mapping DTD 3.0//EN"
"http://hibernate.sourceforge.net/hibernate-mapping-3.0.dtd">
<hibernate-mapping>
    <class name="com.hibernate.mapping.model.Stock" table="stock" catalog="inventorydb">
        <id name="stockId" type="java.lang.Integer">
            <column name="STOCK_ID" />
            <generator class="identity" />
        </id>
        <property name="stockCode" type="string">
            <column name="STOCK_CODE" length="10" not-null="true" unique="true" />
        </property>
        <property name="stockName" type="string">
            <column name="STOCK_NAME" length="20" not-null="true" unique="true" />
        </property>
        <set name="categories" table="stock_category" 
        	inverse="false" lazy="true" fetch="select" cascade="all" >
            <key>
                <column name="STOCK_ID" not-null="true" />
            </key>
            <many-to-many entity-name="com.hibernate.mapping.model.Category">
                <column name="CATEGORY_ID" not-null="true" />
            </many-to-many>
        </set>
    </class>
</hibernate-mapping>
