<?xml version="1.0" encoding="UTF-8"?>
<!DOCTYPE hibernate-mapping PUBLIC
        "-//Hibernate/Hibernate Mapping DTD 3.0//EN"
        "http://www.hibernate.org/dtd/hibernate-mapping-3.0.dtd">
<hibernate-mapping package="com.hibernate.mapping.model">
	<class name="ProductDetail" table="PRODUCT_DETAIL">
		<id name="productId" column="PRODUCT_ID">
			<generator class="foreign">
				<param name="property">product</param>
			</generator>
		</id>
		<property name="partNumber" column="PART_NUMBER" />
		<property name="dimension" column="DIMENSION" />
		<property name="weight" column="WEIGHT" type="float" />
		<property name="manufacturer" column="MANUFACTURER" />
		<property name="origin" column="ORIGIN" />

		<one-to-one name="product" constrained="true"
			class="Product" />
	</class>
</hibernate-mapping>