<?xml version="1.0"?>
<!DOCTYPE hibernate-mapping PUBLIC
        "-//Hibernate/Hibernate Mapping DTD 3.0//EN"
        "http://www.hibernate.org/dtd/hibernate-mapping-3.0.dtd">
<hibernate-mapping package="com.hibernate.mapping.model">
    <class name="Book" table="BOOK">
        <id name="id" column="BOOK_ID">
            <generator class="native" />
        </id>
        <property name="title" type="string" column="TITLE" />
        <property name="description" type="string" column="DESCRIPTION" />
        <property name="publishedDate" type="date" column="PUBLISHED" />
         
        <many-to-one name="Author" class="com.hibernate.mapping.model.Author"
            column="author_id" unique="true" not-null="true"
            cascade="all" />
             
    </class>
</hibernate-mapping>