<?xml version="1.0"?>
<!DOCTYPE hibernate-mapping PUBLIC
        "-//Hibernate/Hibernate Mapping DTD 3.0//EN"
        "http://www.hibernate.org/dtd/hibernate-mapping-3.0.dtd">
<hibernate-mapping package="com.hibernate.mapping.model">
    <class name="Product" table="PRODUCT">
        <id name="id" column="PRODUCT_ID">
            <generator class="native"/>
        </id>
        <property name="name" column="NAME" />
        <property name="description" column="DESCRIPTION" />
        <property name="price" column="PRICE" type="float" />
         
        <many-to-one name="category" class="Category"
            column="CATEGORY_ID" not-null="true"/>
    </class> 
</hibernate-mapping>