<?xml version="1.0"?>
<!DOCTYPE hibernate-mapping PUBLIC
        "-//Hibernate/Hibernate Mapping DTD 3.0//EN"
        "http://www.hibernate.org/dtd/hibernate-mapping-3.0.dtd">
<hibernate-mapping package="com.hibernate.mapping.model">
	   <class name="Category" table="CATEGORY">
        <id name="id" column="CATEGORY_ID">
            <generator class="native"/>
        </id>
        <property name="name" column="NAME" />
 
        <set name="articles" table="CategoryArticle" cascade="all">
            <key column="CATEGORY_ID" not-null="true" />
            <many-to-many column="ARTICLE_ID" class="Article" unique="true"/>
        </set>
    </class> 
</hibernate-mapping>